JSON|custom_name_mixed_literal|CUSTOM_NAME|{"text":"x","extra":["a",{"text":"b","bold":true}]}
JSON|custom_name_root_list|CUSTOM_NAME|["a",{"text":"b","bold":true}]
JSON|custom_name_root_nested_list|CUSTOM_NAME|[["a",{"text":"b","bold":true}],"c"]
JSON|custom_name_nested_extra|CUSTOM_NAME|{"text":"x","extra":[["a",{"text":"b","bold":true}],"c"]}
JSON|custom_name_plain_control|CUSTOM_NAME|"plain"
JSON|custom_name_homogeneous_compounds|CUSTOM_NAME|{"text":"x","extra":[{"text":"a","bold":false},{"text":"b","bold":true}]}
WIRE|custom_name_root_mixed_list|CUSTOM_NAME|090a000000020800000001610008000474657874000162010004626f6c640100
WIRE|custom_name_extra_mixed_list|CUSTOM_NAME|0a0800047465787400017809000565787472610a000000020800000001610008000474657874000162010004626f6c64010000
WIRE|custom_name_root_nested_mixed_list|CUSTOM_NAME|090a000000020900000a000000020800000001610008000474657874000162010004626f6c6401000008000000016300
WIRE|custom_name_extra_nested_mixed_list|CUSTOM_NAME|0a0800047465787400017809000565787472610a000000020900000a000000020800000001610008000474657874000162010004626f6c640100000800000001630000
WIRE|custom_name_root_single_wrapper|CUSTOM_NAME|090a0000000108000000016100
WIRE|custom_name_root_duplicate_empty_key|CUSTOM_NAME|090a00000002030000000000070800000001610008000474657874000162010004626f6c640100
WIRE|custom_name_extra_duplicate_empty_key|CUSTOM_NAME|0a0800047465787400017809000565787472610a00000002030000000000070800000001610008000474657874000162010004626f6c64010000
WIRE|custom_name_root_double_wrapper_reject|CUSTOM_NAME|090a000000020a0000080000000161000008000474657874000162010004626f6c640100
WIRE|custom_name_extra_double_wrapper_reject|CUSTOM_NAME|0a0800047465787400017809000565787472610a000000020a0000080000000161000008000474657874000162010004626f6c64010000
WIRE|custom_name_root_empty_key_compound_reject|CUSTOM_NAME|0a08000000016100
WIRE|custom_name_root_literal_wrapper|CUSTOM_NAME|090a000000020a000008000474657874000161000008000474657874000162010004626f6c640100
WIRE|custom_name_root_empty_plus_text_control|CUSTOM_NAME|090a00000002080000000769676e6f726564080004746578740001610008000474657874000162010004626f6c640100
WIRE|custom_name_root_duplicate_empty_plus_text_control|CUSTOM_NAME|090a00000002080000000566697273740800047465787400016108000000046c6173740008000474657874000162010004626f6c640100
WIRE|custom_name_root_ordinary_compound_list|CUSTOM_NAME|090a00000002080004746578740001610008000474657874000162010004626f6c640100
WIRE|custom_name_root_string_list_control|CUSTOM_NAME|090800000002000161000162
WIRE|custom_name_extra_empty_compound_reject|CUSTOM_NAME|0a0800047465787400017809000565787472610a000000020008000474657874000162010004626f6c64010000
JSON|item_name_mixed_literal|ITEM_NAME|{"text":"x","extra":["a",{"text":"b","bold":true}]}
JSON|item_name_root_list|ITEM_NAME|["a",{"text":"b","bold":true}]
JSON|item_name_root_nested_list|ITEM_NAME|[["a",{"text":"b","bold":true}],"c"]
JSON|item_name_nested_extra|ITEM_NAME|{"text":"x","extra":[["a",{"text":"b","bold":true}],"c"]}
JSON|item_name_plain_control|ITEM_NAME|"plain"
JSON|item_name_homogeneous_compounds|ITEM_NAME|{"text":"x","extra":[{"text":"a","bold":false},{"text":"b","bold":true}]}
WIRE|item_name_root_mixed_list|ITEM_NAME|090a000000020800000001610008000474657874000162010004626f6c640100
WIRE|item_name_extra_mixed_list|ITEM_NAME|0a0800047465787400017809000565787472610a000000020800000001610008000474657874000162010004626f6c64010000
WIRE|item_name_root_nested_mixed_list|ITEM_NAME|090a000000020900000a000000020800000001610008000474657874000162010004626f6c6401000008000000016300
WIRE|item_name_extra_nested_mixed_list|ITEM_NAME|0a0800047465787400017809000565787472610a000000020900000a000000020800000001610008000474657874000162010004626f6c640100000800000001630000
WIRE|item_name_root_single_wrapper|ITEM_NAME|090a0000000108000000016100
WIRE|item_name_root_duplicate_empty_key|ITEM_NAME|090a00000002030000000000070800000001610008000474657874000162010004626f6c640100
WIRE|item_name_extra_duplicate_empty_key|ITEM_NAME|0a0800047465787400017809000565787472610a00000002030000000000070800000001610008000474657874000162010004626f6c64010000
WIRE|item_name_root_double_wrapper_reject|ITEM_NAME|090a000000020a0000080000000161000008000474657874000162010004626f6c640100
WIRE|item_name_extra_double_wrapper_reject|ITEM_NAME|0a0800047465787400017809000565787472610a000000020a0000080000000161000008000474657874000162010004626f6c64010000
WIRE|item_name_root_empty_key_compound_reject|ITEM_NAME|0a08000000016100
WIRE|item_name_root_literal_wrapper|ITEM_NAME|090a000000020a000008000474657874000161000008000474657874000162010004626f6c640100
WIRE|item_name_root_empty_plus_text_control|ITEM_NAME|090a00000002080000000769676e6f726564080004746578740001610008000474657874000162010004626f6c640100
WIRE|item_name_root_duplicate_empty_plus_text_control|ITEM_NAME|090a00000002080000000566697273740800047465787400016108000000046c6173740008000474657874000162010004626f6c640100
WIRE|item_name_root_ordinary_compound_list|ITEM_NAME|090a00000002080004746578740001610008000474657874000162010004626f6c640100
WIRE|item_name_root_string_list_control|ITEM_NAME|090800000002000161000162
WIRE|item_name_extra_empty_compound_reject|ITEM_NAME|0a0800047465787400017809000565787472610a000000020008000474657874000162010004626f6c64010000
JSON|lore_mixed|LORE|[{"text":"x","extra":["a",{"text":"b","bold":true}]},{"text":"tail","italic":false}]
WIRE|lore_raw_root_mixed|LORE|02090a000000020800000001610008000474657874000162010004626f6c6401000a0800047465787400017809000565787472610a000000020800000001610008000474657874000162010004626f6c64010000
JSON|written_book_mixed|WRITTEN_BOOK_CONTENT|{"title":{"raw":"T","filtered":"Clean"},"author":"A","generation":2,"pages":[{"text":"x","extra":["a",{"text":"b","bold":true}]},{"raw":["a",{"text":"b","bold":true}],"filtered":{"text":"x","extra":["a",{"text":"b","bold":true}]}}],"resolved":true}
