# state	direction	name	protocol:packet_id	route	public_api
Handshake	Serverbound	set_protocol	763:0,764:0,765:0,766:0,767:0,768:0,769:0,770:0,771:0,772:0,773:0,774:0,775:0,776:0	outbound encoder	packet::handshake / handshake_with_intent
Handshake	Serverbound	legacy_server_list_ping	763:254,764:254,765:254,766:254,767:254,768:254,769:254,770:254,771:254,772:254,773:254,774:254,775:254,776:254	unsupported historical unframed protocol	-
Status	Clientbound	server_info	763:0,764:0,765:0,766:0,767:0,768:0,769:0,770:0,771:0,772:0,773:0,774:0,775:0,776:0	client status request/response flow	Connection::status
Status	Clientbound	ping	763:1,764:1,765:1,766:1,767:1,768:1,769:1,770:1,771:1,772:1,773:1,774:1,775:1,776:1	client status request/response flow	Connection::status
Status	Serverbound	ping_start	763:0,764:0,765:0,766:0,767:0,768:0,769:0,770:0,771:0,772:0,773:0,774:0,775:0,776:0	client status request/response flow	Connection::status
Status	Serverbound	ping	763:1,764:1,765:1,766:1,767:1,768:1,769:1,770:1,771:1,772:1,773:1,774:1,775:1,776:1	client status request/response flow	Connection::status
Login	Clientbound	disconnect	763:0,764:0,765:0,766:0,767:0,768:0,769:0,770:0,771:0,772:0,773:0,774:0,775:0,776:0	connection control/disconnect	Connection::next_event -> Event::Disconnected
Login	Clientbound	encryption_begin	763:1,764:1,765:1,766:1,767:1,768:1,769:1,770:1,771:1,772:1,773:1,774:1,775:1,776:1	connection control/disconnect	Connection::next_event -> Event::EncryptionRequested
Login	Clientbound	success	763:2,764:2,765:2,766:2,767:2,768:2,769:2,770:2,771:2,772:2,773:2,774:2,775:2,776:2	connection control/disconnect	Connection::next_event -> Event::LoginSuccess
Login	Clientbound	compress	763:3,764:3,765:3,766:3,767:3,768:3,769:3,770:3,771:3,772:3,773:3,774:3,775:3,776:3	connection control/disconnect	Connection::next_event -> Event::Compression
Login	Clientbound	login_plugin_request	763:4,764:4,765:4,766:4,767:4,768:4,769:4,770:4,771:4,772:4,773:4,774:4,775:4,776:4	connection control/disconnect	Connection::next_event -> Event::LoginPluginRequest
Login	Serverbound	login_start	763:0,764:0,765:0,766:0,767:0,768:0,769:0,770:0,771:0,772:0,773:0,774:0,775:0,776:0	outbound encoder	packet::login_start; Connection::start_login / start_transfer_login
Login	Serverbound	encryption_begin	763:1,764:1,765:1,766:1,767:1,768:1,769:1,770:1,771:1,772:1,773:1,774:1,775:1,776:1	outbound encoder	Connection::complete_encryption (crypto feature)
Login	Serverbound	login_plugin_response	763:2,764:2,765:2,766:2,767:2,768:2,769:2,770:2,771:2,772:2,773:2,774:2,775:2,776:2	outbound encoder	Connection::answer_login_plugin
Play	Clientbound	bundle_delimiter	763:0,764:0,765:0,766:0,767:0,768:0,769:0,770:0,771:0,772:0,773:0,774:0,775:0,776:0	typed incoming dispatcher	DecodedPacket::decode_with_context
Play	Clientbound	spawn_entity	763:1,764:1,765:1,766:1,767:1,768:1,769:1,770:1,771:1,772:1,773:1,774:1,775:1,776:1	typed incoming dispatcher	DecodedPacket::decode_with_context
Play	Clientbound	spawn_entity_experience_orb	763:2,764:2,765:2,766:2,767:2,768:2,769:2	typed incoming dispatcher	DecodedPacket::decode_with_context
Play	Clientbound	named_entity_spawn	763:3	typed incoming dispatcher	DecodedPacket::decode_with_context
Play	Clientbound	animation	763:4,764:3,765:3,766:3,767:3,768:3,769:3,770:2,771:2,772:2,773:2,774:2,775:2,776:2	typed incoming dispatcher	DecodedPacket::decode_with_context
Play	Clientbound	statistics	763:5,764:4,765:4,766:4,767:4,768:4,769:4,770:3,771:3,772:3,773:3,774:3,775:3,776:3	typed incoming dispatcher	DecodedPacket::decode_with_context
Play	Clientbound	acknowledge_player_digging	763:6,764:5,765:5,766:5,767:5,768:5,769:5,770:4,771:4,772:4,773:4,774:4,775:4,776:4	typed incoming dispatcher	DecodedPacket::decode_with_context
Play	Clientbound	block_break_animation	763:7,764:6,765:6,766:6,767:6,768:6,769:6,770:5,771:5,772:5,773:5,774:5,775:5,776:5	typed incoming dispatcher	DecodedPacket::decode_with_context
Play	Clientbound	tile_entity_data	763:8,764:7,765:7,766:7,767:7,768:7,769:7,770:6,771:6,772:6,773:6,774:6,775:6,776:6	typed incoming dispatcher	DecodedPacket::decode_with_context
Play	Clientbound	block_action	763:9,764:8,765:8,766:8,767:8,768:8,769:8,770:7,771:7,772:7,773:7,774:7,775:7,776:7	typed incoming dispatcher	DecodedPacket::decode_with_context
Play	Clientbound	block_change	763:10,764:9,765:9,766:9,767:9,768:9,769:9,770:8,771:8,772:8,773:8,774:8,775:8,776:8	typed incoming dispatcher	DecodedPacket::decode_with_context
Play	Clientbound	boss_bar	763:11,764:10,765:10,766:10,767:10,768:10,769:10,770:9,771:9,772:9,773:9,774:9,775:9,776:9	typed incoming dispatcher	DecodedPacket::decode_with_context
Play	Clientbound	difficulty	763:12,764:11,765:11,766:11,767:11,768:11,769:11,770:10,771:10,772:10,773:10,774:10,775:10,776:10	typed incoming dispatcher	DecodedPacket::decode_with_context
Play	Clientbound	chunk_biomes	763:13,764:14,765:14,766:14,767:14,768:14,769:14,770:13,771:13,772:13,773:13,774:13,775:13,776:13	typed incoming with caller dimension context	DecodedPacket::decode_with_context
Play	Clientbound	clear_titles	763:14,764:15,765:15,766:15,767:15,768:15,769:15,770:14,771:14,772:14,773:14,774:14,775:14,776:14	typed incoming dispatcher	DecodedPacket::decode_with_context
Play	Clientbound	tab_complete	763:15,764:16,765:16,766:16,767:16,768:16,769:16,770:15,771:15,772:15,773:15,774:15,775:15,776:15	typed incoming dispatcher	DecodedPacket::decode_with_context
Play	Clientbound	declare_commands	763:16,764:17,765:17,766:17,767:17,768:17,769:17,770:16,771:16,772:16,773:16,774:16,775:16,776:16	typed incoming dispatcher	DecodedPacket::decode_with_context
Play	Clientbound	close_window	763:17,764:18,765:18,766:18,767:18,768:18,769:18,770:17,771:17,772:17,773:17,774:17,775:17,776:17	typed incoming dispatcher	DecodedPacket::decode_with_context
Play	Clientbound	window_items	763:18,764:19,765:19,766:19,767:19,768:19,769:19,770:18,771:18,772:18,773:18,774:18,775:18,776:18	typed incoming dispatcher	DecodedPacket::decode_with_context
Play	Clientbound	craft_progress_bar	763:19,764:20,765:20,766:20,767:20,768:20,769:20,770:19,771:19,772:19,773:19,774:19,775:19,776:19	typed incoming dispatcher	DecodedPacket::decode_with_context
Play	Clientbound	set_slot	763:20,764:21,765:21,766:21,767:21,768:21,769:21,770:20,771:20,772:20,773:20,774:20,775:20,776:20	typed incoming dispatcher	DecodedPacket::decode_with_context
Play	Clientbound	set_cooldown	763:21,764:22,765:22,766:23,767:23,768:23,769:23,770:22,771:22,772:22,773:22,774:22,775:22,776:22	typed incoming dispatcher	DecodedPacket::decode_with_context
Play	Clientbound	chat_suggestions	763:22,764:23,765:23,766:24,767:24,768:24,769:24,770:23,771:23,772:23,773:23,774:23,775:23,776:23	typed incoming dispatcher	DecodedPacket::decode_with_context
Play	Clientbound	custom_payload	763:23,764:24,765:24,766:25,767:25,768:25,769:25,770:24,771:24,772:24,773:24,774:24,775:24,776:24	typed incoming dispatcher	DecodedPacket::decode_with_context
Play	Clientbound	damage_event	763:24,764:25,765:25,766:26,767:26,768:26,769:26,770:25,771:25,772:25,773:25,774:25,775:25,776:25	typed incoming dispatcher	DecodedPacket::decode_with_context
Play	Clientbound	hide_message	763:25,764:26,765:26,766:28,767:28,768:28,769:28,770:27,771:27,772:27,773:31,774:31,775:31,776:31	typed incoming dispatcher	DecodedPacket::decode_with_context
Play	Clientbound	kick_disconnect	763:26,764:27,765:27,766:29,767:29,768:29,769:29,770:28,771:28,772:28,773:32,774:32,775:32,776:32	connection control/disconnect	Connection::next_event -> Event::Disconnected
Play	Clientbound	profileless_chat	763:27,764:28,765:28,766:30,767:30,768:30,769:30,770:29,771:29,772:29,773:33,774:33,775:33,776:33	typed incoming dispatcher	DecodedPacket::decode_with_context
Play	Clientbound	entity_status	763:28,764:29,765:29,766:31,767:31,768:31,769:31,770:30,771:30,772:30,773:34,774:34,775:34,776:34	typed incoming dispatcher	DecodedPacket::decode_with_context
Play	Clientbound	explosion	763:29,764:30,765:30,766:32,767:32,768:33,769:33,770:32,771:32,772:32,773:36,774:36,775:36,776:36	typed incoming dispatcher	DecodedPacket::decode_with_context
Play	Clientbound	unload_chunk	763:30,764:31,765:31,766:33,767:33,768:34,769:34,770:33,771:33,772:33,773:37,774:37,775:37,776:37	typed incoming dispatcher	DecodedPacket::decode_with_context
Play	Clientbound	game_state_change	763:31,764:32,765:32,766:34,767:34,768:35,769:35,770:34,771:34,772:34,773:38,774:38,775:38,776:38	typed incoming dispatcher	DecodedPacket::decode_with_context
Play	Clientbound	open_horse_window	763:32,764:33,765:33,766:35,767:35,768:36,769:36,770:35,771:35,772:35,773:40,774:40,775:41,776:41	typed incoming dispatcher	DecodedPacket::decode_with_context
Play	Clientbound	hurt_animation	763:33,764:34,765:34,766:36,767:36,768:37,769:37,770:36,771:36,772:36,773:41,774:41,775:42,776:42	typed incoming dispatcher	DecodedPacket::decode_with_context
Play	Clientbound	initialize_world_border	763:34,764:35,765:35,766:37,767:37,768:38,769:38,770:37,771:37,772:37,773:42,774:42,775:43,776:43	typed incoming dispatcher	DecodedPacket::decode_with_context
Play	Clientbound	keep_alive	763:35,764:36,765:36,766:38,767:38,768:39,769:39,770:38,771:38,772:38,773:43,774:43,775:44,776:44	connection control/disconnect	Connection::next_event -> Event::KeepAlive
Play	Clientbound	map_chunk	763:36,764:37,765:37,766:39,767:39,768:40,769:40,770:39,771:39,772:39,773:44,774:44,775:45,776:45	typed incoming with caller dimension context	DecodedPacket::decode_with_context
Play	Clientbound	world_event	763:37,764:38,765:38,766:40,767:40,768:41,769:41,770:40,771:40,772:40,773:45,774:45,775:46,776:46	typed incoming dispatcher	DecodedPacket::decode_with_context
Play	Clientbound	world_particles	763:38,764:39,765:39,766:41,767:41,768:42,769:42,770:41,771:41,772:41,773:46,774:46,775:47,776:47	typed incoming dispatcher	DecodedPacket::decode_with_context
Play	Clientbound	update_light	763:39,764:40,765:40,766:42,767:42,768:43,769:43,770:42,771:42,772:42,773:47,774:47,775:48,776:48	typed incoming with caller dimension context	DecodedPacket::decode_with_context
Play	Clientbound	login	763:40,764:41,765:41,766:43,767:43,768:44,769:44,770:43,771:43,772:43,773:48,774:48,775:49,776:49	connection control/disconnect	Connection::next_event -> Event::Joined
Play	Clientbound	map	763:41,764:42,765:42,766:44,767:44,768:45,769:45,770:44,771:44,772:44,773:49,774:49,775:51,776:51	typed incoming dispatcher	DecodedPacket::decode_with_context
Play	Clientbound	trade_list	763:42,764:43,765:43,766:45,767:45,768:46,769:46,770:45,771:45,772:45,773:50,774:50,775:52,776:52	typed incoming dispatcher	DecodedPacket::decode_with_context
Play	Clientbound	rel_entity_move	763:43,764:44,765:44,766:46,767:46,768:47,769:47,770:46,771:46,772:46,773:51,774:51,775:53,776:53	typed incoming dispatcher	DecodedPacket::decode_with_context
Play	Clientbound	entity_move_look	763:44,764:45,765:45,766:47,767:47,768:48,769:48,770:47,771:47,772:47,773:52,774:52,775:54,776:54	typed incoming dispatcher	DecodedPacket::decode_with_context
Play	Clientbound	entity_look	763:45,764:46,765:46,766:48,767:48,768:50,769:50,770:49,771:49,772:49,773:54,774:54,775:56,776:56	typed incoming dispatcher	DecodedPacket::decode_with_context
Play	Clientbound	vehicle_move	763:46,764:47,765:47,766:49,767:49,768:51,769:51,770:50,771:50,772:50,773:55,774:55,775:57,776:57	typed incoming dispatcher	DecodedPacket::decode_with_context
Play	Clientbound	open_book	763:47,764:48,765:48,766:50,767:50,768:52,769:52,770:51,771:51,772:51,773:56,774:56,775:58,776:58	typed incoming dispatcher	DecodedPacket::decode_with_context
Play	Clientbound	open_window	763:48,764:49,765:49,766:51,767:51,768:53,769:53,770:52,771:52,772:52,773:57,774:57,775:59,776:59	typed incoming dispatcher	DecodedPacket::decode_with_context
Play	Clientbound	open_sign_entity	763:49,764:50,765:50,766:52,767:52,768:54,769:54,770:53,771:53,772:53,773:58,774:58,775:60,776:60	typed incoming dispatcher	DecodedPacket::decode_with_context
Play	Clientbound	ping	763:50,764:51,765:51,766:53,767:53,768:55,769:55,770:54,771:54,772:54,773:59,774:59,775:61,776:61	connection control/disconnect	Connection::next_event -> Event::Ping
Play	Clientbound	craft_recipe_response	763:51,764:53,765:53,766:55,767:55,768:57,769:57,770:56,771:56,772:56,773:61,774:61,775:63,776:63	typed incoming dispatcher	DecodedPacket::decode_with_context
Play	Clientbound	abilities	763:52,764:54,765:54,766:56,767:56,768:58,769:58,770:57,771:57,772:57,773:62,774:62,775:64,776:64	typed incoming dispatcher	DecodedPacket::decode_with_context
Play	Clientbound	player_chat	763:53,764:55,765:55,766:57,767:57,768:59,769:59,770:58,771:58,772:58,773:63,774:63,775:65,776:65	typed incoming dispatcher	DecodedPacket::decode_with_context
Play	Clientbound	end_combat_event	763:54,764:56,765:56,766:58,767:58,768:60,769:60,770:59,771:59,772:59,773:64,774:64,775:66,776:66	typed incoming dispatcher	DecodedPacket::decode_with_context
Play	Clientbound	enter_combat_event	763:55,764:57,765:57,766:59,767:59,768:61,769:61,770:60,771:60,772:60,773:65,774:65,775:67,776:67	typed incoming dispatcher	DecodedPacket::decode_with_context
Play	Clientbound	death_combat_event	763:56,764:58,765:58,766:60,767:60,768:62,769:62,770:61,771:61,772:61,773:66,774:66,775:68,776:68	typed incoming dispatcher	DecodedPacket::decode_with_context
Play	Clientbound	player_remove	763:57,764:59,765:59,766:61,767:61,768:63,769:63,770:62,771:62,772:62,773:67,774:67,775:69,776:69	typed incoming dispatcher	DecodedPacket::decode_with_context
Play	Clientbound	player_info	763:58,764:60,765:60,766:62,767:62,768:64,769:64,770:63,771:63,772:63,773:68,774:68,775:70,776:70	typed incoming dispatcher	DecodedPacket::decode_with_context
Play	Clientbound	face_player	763:59,764:61,765:61,766:63,767:63,768:65,769:65,770:64,771:64,772:64,773:69,774:69,775:71,776:71	typed incoming dispatcher	DecodedPacket::decode_with_context
Play	Clientbound	position	763:60,764:62,765:62,766:64,767:64,768:66,769:66,770:65,771:65,772:65,773:70,774:70,775:72,776:72	connection control/disconnect	Connection::next_event -> Event::Position
Play	Clientbound	unlock_recipes	763:61,764:63,765:63,766:65,767:65	typed incoming dispatcher	DecodedPacket::decode_with_context
Play	Clientbound	entity_destroy	763:62,764:64,765:64,766:66,767:66,768:71,769:71,770:70,771:70,772:70,773:75,774:75,775:77,776:77	typed incoming dispatcher	DecodedPacket::decode_with_context
Play	Clientbound	remove_entity_effect	763:63,764:65,765:65,766:67,767:67,768:72,769:72,770:71,771:71,772:71,773:76,774:76,775:78,776:78	typed incoming dispatcher	DecodedPacket::decode_with_context
Play	Clientbound	resource_pack_send	763:64,764:66	typed incoming dispatcher	DecodedPacket::decode_with_context
Play	Clientbound	respawn	763:65,764:67,765:69,766:71,767:71,768:76,769:76,770:75,771:75,772:75,773:80,774:80,775:82,776:82	typed incoming dispatcher	DecodedPacket::decode_with_context
Play	Clientbound	entity_head_rotation	763:66,764:68,765:70,766:72,767:72,768:77,769:77,770:76,771:76,772:76,773:81,774:81,775:83,776:83	typed incoming dispatcher	DecodedPacket::decode_with_context
Play	Clientbound	multi_block_change	763:67,764:69,765:71,766:73,767:73,768:78,769:78,770:77,771:77,772:77,773:82,774:82,775:84,776:84	typed incoming dispatcher	DecodedPacket::decode_with_context
Play	Clientbound	select_advancement_tab	763:68,764:70,765:72,766:74,767:74,768:79,769:79,770:78,771:78,772:78,773:83,774:83,775:85,776:85	typed incoming dispatcher	DecodedPacket::decode_with_context
Play	Clientbound	server_data	763:69,764:71,765:73,766:75,767:75,768:80,769:80,770:79,771:79,772:79,773:84,774:84,775:86,776:86	typed incoming dispatcher	DecodedPacket::decode_with_context
Play	Clientbound	action_bar	763:70,764:72,765:74,766:76,767:76,768:81,769:81,770:80,771:80,772:80,773:85,774:85,775:87,776:87	typed incoming dispatcher	DecodedPacket::decode_with_context
Play	Clientbound	world_border_center	763:71,764:73,765:75,766:77,767:77,768:82,769:82,770:81,771:81,772:81,773:86,774:86,775:88,776:88	typed incoming dispatcher	DecodedPacket::decode_with_context
Play	Clientbound	world_border_lerp_size	763:72,764:74,765:76,766:78,767:78,768:83,769:83,770:82,771:82,772:82,773:87,774:87,775:89,776:89	typed incoming dispatcher	DecodedPacket::decode_with_context
Play	Clientbound	world_border_size	763:73,764:75,765:77,766:79,767:79,768:84,769:84,770:83,771:83,772:83,773:88,774:88,775:90,776:90	typed incoming dispatcher	DecodedPacket::decode_with_context
Play	Clientbound	world_border_warning_delay	763:74,764:76,765:78,766:80,767:80,768:85,769:85,770:84,771:84,772:84,773:89,774:89,775:91,776:91	typed incoming dispatcher	DecodedPacket::decode_with_context
Play	Clientbound	world_border_warning_reach	763:75,764:77,765:79,766:81,767:81,768:86,769:86,770:85,771:85,772:85,773:90,774:90,775:92,776:92	typed incoming dispatcher	DecodedPacket::decode_with_context
Play	Clientbound	camera	763:76,764:78,765:80,766:82,767:82,768:87,769:87,770:86,771:86,772:86,773:91,774:91,775:93,776:93	typed incoming dispatcher	DecodedPacket::decode_with_context
Play	Clientbound	held_item_slot	763:77,764:79,765:81,766:83,767:83,768:99,769:99,770:98,771:98,772:98,773:103,774:103,775:105,776:105	typed incoming dispatcher	DecodedPacket::decode_with_context
Play	Clientbound	update_view_position	763:78,764:80,765:82,766:84,767:84,768:88,769:88,770:87,771:87,772:87,773:92,774:92,775:94,776:94	typed incoming dispatcher	DecodedPacket::decode_with_context
Play	Clientbound	update_view_distance	763:79,764:81,765:83,766:85,767:85,768:89,769:89,770:88,771:88,772:88,773:93,774:93,775:95,776:95	typed incoming dispatcher	DecodedPacket::decode_with_context
Play	Clientbound	spawn_position	763:80,764:82,765:84,766:86,767:86,768:91,769:91,770:90,771:90,772:90,773:95,774:95,775:97,776:97	typed incoming dispatcher	DecodedPacket::decode_with_context
Play	Clientbound	scoreboard_display_objective	763:81,764:83,765:85,766:87,767:87,768:92,769:92,770:91,771:91,772:91,773:96,774:96,775:98,776:98	typed incoming dispatcher	DecodedPacket::decode_with_context
Play	Clientbound	entity_metadata	763:82,764:84,765:86,766:88,767:88,768:93,769:93,770:92,771:92,772:92,773:97,774:97,775:99,776:99	typed incoming dispatcher	DecodedPacket::decode_with_context
Play	Clientbound	attach_entity	763:83,764:85,765:87,766:89,767:89,768:94,769:94,770:93,771:93,772:93,773:98,774:98,775:100,776:100	typed incoming dispatcher	DecodedPacket::decode_with_context
Play	Clientbound	entity_velocity	763:84,764:86,765:88,766:90,767:90,768:95,769:95,770:94,771:94,772:94,773:99,774:99,775:101,776:101	typed incoming dispatcher	DecodedPacket::decode_with_context
Play	Clientbound	entity_equipment	763:85,764:87,765:89,766:91,767:91,768:96,769:96,770:95,771:95,772:95,773:100,774:100,775:102,776:102	typed incoming dispatcher	DecodedPacket::decode_with_context
Play	Clientbound	experience	763:86,764:88,765:90,766:92,767:92,768:97,769:97,770:96,771:96,772:96,773:101,774:101,775:103,776:103	typed incoming dispatcher	DecodedPacket::decode_with_context
Play	Clientbound	update_health	763:87,764:89,765:91,766:93,767:93,768:98,769:98,770:97,771:97,772:97,773:102,774:102,775:104,776:104	typed incoming dispatcher	DecodedPacket::decode_with_context
Play	Clientbound	scoreboard_objective	763:88,764:90,765:92,766:94,767:94,768:100,769:100,770:99,771:99,772:99,773:104,774:104,775:106,776:106	typed incoming dispatcher	DecodedPacket::decode_with_context
Play	Clientbound	set_passengers	763:89,764:91,765:93,766:95,767:95,768:101,769:101,770:100,771:100,772:100,773:105,774:105,775:107,776:107	typed incoming dispatcher	DecodedPacket::decode_with_context
Play	Clientbound	teams	763:90,764:92,765:94,766:96,767:96,768:103,769:103,770:102,771:102,772:102,773:107,774:107,775:109,776:109	typed incoming dispatcher	DecodedPacket::decode_with_context
Play	Clientbound	scoreboard_score	763:91,764:93,765:95,766:97,767:97,768:104,769:104,770:103,771:103,772:103,773:108,774:108,775:110,776:110	typed incoming dispatcher	DecodedPacket::decode_with_context
Play	Clientbound	simulation_distance	763:92,764:94,765:96,766:98,767:98,768:105,769:105,770:104,771:104,772:104,773:109,774:109,775:111,776:111	typed incoming dispatcher	DecodedPacket::decode_with_context
Play	Clientbound	set_title_subtitle	763:93,764:95,765:97,766:99,767:99,768:106,769:106,770:105,771:105,772:105,773:110,774:110,775:112,776:112	typed incoming dispatcher	DecodedPacket::decode_with_context
Play	Clientbound	update_time	763:94,764:96,765:98,766:100,767:100,768:107,769:107,770:106,771:106,772:106,773:111,774:111,775:113,776:113	typed incoming dispatcher	DecodedPacket::decode_with_context
Play	Clientbound	set_title_text	763:95,764:97,765:99,766:101,767:101,768:108,769:108,770:107,771:107,772:107,773:112,774:112,775:114,776:114	typed incoming dispatcher	DecodedPacket::decode_with_context
Play	Clientbound	set_title_time	763:96,764:98,765:100,766:102,767:102,768:109,769:109,770:108,771:108,772:108,773:113,774:113,775:115,776:115	typed incoming dispatcher	DecodedPacket::decode_with_context
Play	Clientbound	entity_sound_effect	763:97,764:99,765:101,766:103,767:103,768:110,769:110,770:109,771:109,772:109,773:114,774:114,775:116,776:116	typed incoming dispatcher	DecodedPacket::decode_with_context
Play	Clientbound	sound_effect	763:98,764:100,765:102,766:104,767:104,768:111,769:111,770:110,771:110,772:110,773:115,774:115,775:117,776:117	typed incoming dispatcher	DecodedPacket::decode_with_context
Play	Clientbound	stop_sound	763:99,764:102,765:104,766:106,767:106,768:113,769:113,770:112,771:112,772:112,773:117,774:117,775:119,776:119	typed incoming dispatcher	DecodedPacket::decode_with_context
Play	Clientbound	system_chat	763:100,764:103,765:105,766:108,767:108,768:115,769:115,770:114,771:114,772:114,773:119,774:119,775:121,776:121	typed incoming dispatcher	DecodedPacket::decode_with_context
Play	Clientbound	playerlist_header	763:101,764:104,765:106,766:109,767:109,768:116,769:116,770:115,771:115,772:115,773:120,774:120,775:122,776:122	typed incoming dispatcher	DecodedPacket::decode_with_context
Play	Clientbound	nbt_query_response	763:102,764:105,765:107,766:110,767:110,768:117,769:117,770:116,771:116,772:116,773:121,774:121,775:123,776:123	typed incoming dispatcher	DecodedPacket::decode_with_context
Play	Clientbound	collect	763:103,764:106,765:108,766:111,767:111,768:118,769:118,770:117,771:117,772:117,773:122,774:122,775:124,776:124	typed incoming dispatcher	DecodedPacket::decode_with_context
Play	Clientbound	entity_teleport	763:104,764:107,765:109,766:112,767:112,768:119,769:119,770:118,771:118,772:118,773:123,774:123,775:125,776:125	typed incoming dispatcher	DecodedPacket::decode_with_context
Play	Clientbound	advancements	763:105,764:108,765:112,766:116,767:116,768:123,769:123,770:123,771:123,772:123,773:128,774:128,775:130,776:130	typed incoming dispatcher	DecodedPacket::decode_with_context
Play	Clientbound	entity_update_attributes	763:106,764:109,765:113,766:117,767:117,768:124,769:124,770:124,771:124,772:124,773:129,774:129,775:131,776:131	typed incoming dispatcher	DecodedPacket::decode_with_context
Play	Clientbound	feature_flags	763:107	typed incoming dispatcher	DecodedPacket::decode_with_context
Play	Clientbound	entity_effect	763:108,764:110,765:114,766:118,767:118,768:125,769:125,770:125,771:125,772:125,773:130,774:130,775:132,776:132	typed incoming dispatcher	DecodedPacket::decode_with_context
Play	Clientbound	declare_recipes	763:109,764:111,765:115,766:119,767:119,768:126,769:126,770:126,771:126,772:126,773:131,774:131,775:133,776:133	typed incoming dispatcher	DecodedPacket::decode_with_context
Play	Clientbound	tags	763:110,764:112,765:116,766:120,767:120,768:127,769:127,770:127,771:127,772:127,773:132,774:132,775:134,776:134	typed incoming dispatcher	DecodedPacket::decode_with_context
Play	Serverbound	teleport_confirm	763:0,764:0,765:0,766:0,767:0,768:0,769:0,770:0,771:0,772:0,773:0,774:0,775:0,776:0	outbound encoder	packet::PositionSync::acknowledgement
Play	Serverbound	query_block_nbt	763:1,764:1,765:1,766:1,767:1,768:1,769:1,770:1,771:1,772:1,773:1,774:1,775:2,776:2	outbound encoder	packet::editing::QueryBlockNbt::packet
Play	Serverbound	set_difficulty	763:2,764:2,765:2,766:2,767:2,768:3,769:3,770:3,771:3,772:3,773:3,774:3,775:4,776:4	outbound encoder	packet::client_control::SetDifficulty::packet
Play	Serverbound	message_acknowledgement	763:3,764:3,765:3,766:3,767:3,768:4,769:4,770:4,771:5,772:5,773:5,774:5,775:6,776:6	outbound encoder	packet::chat::message_acknowledgement
Play	Serverbound	chat_command	763:4,764:4,765:4,766:4,767:4,768:5,769:5,770:5,771:6,772:6,773:6,774:6,775:7,776:7	outbound encoder	packet::chat::unsigned_command (766+); signed::SignedChatCommand::encode (763-765)
Play	Serverbound	chat_message	763:5,764:5,765:5,766:6,767:6,768:7,769:7,770:7,771:8,772:8,773:8,774:8,775:9,776:9	outbound encoder	packet::chat::UnsignedChatMessage::encode; signed::SignedChatMessage::encode
Play	Serverbound	chat_session_update	763:6,764:6,765:6,766:7,767:7,768:8,769:8,770:8,771:9,772:9,773:9,774:9,775:10,776:10	outbound encoder	packet::chat::signed::session_update
Play	Serverbound	client_command	763:7,764:8,765:8,766:9,767:9,768:10,769:10,770:10,771:11,772:11,773:11,774:11,775:12,776:12	outbound encoder	packet::interact::ClientCommand::encode
Play	Serverbound	settings	763:8,764:9,765:9,766:10,767:10,768:12,769:12,770:12,771:13,772:13,773:13,774:13,775:14,776:14	outbound encoder	packet::ClientSettings::encode
Play	Serverbound	tab_complete	763:9,764:10,765:10,766:11,767:11,768:13,769:13,770:13,771:14,772:14,773:14,774:14,775:15,776:15	outbound encoder	packet::commands::CommandSuggestionRequest::packet
Play	Serverbound	enchant_item	763:10,764:12,765:12,766:13,767:13,768:15,769:15,770:15,771:16,772:16,773:16,774:16,775:17,776:17	outbound encoder	packet::inventory::ContainerButtonClick::packet
Play	Serverbound	window_click	763:11,764:13,765:13,766:14,767:14,768:16,769:16,770:16,771:17,772:17,773:17,774:17,775:18,776:18	outbound encoder	packet::inventory::ContainerClick::packet (through769); HashedContainerClick::packet (770+)
Play	Serverbound	close_window	763:12,764:14,765:14,766:15,767:15,768:17,769:17,770:17,771:18,772:18,773:18,774:18,775:19,776:19	outbound encoder	packet::inventory::CloseContainer::packet
Play	Serverbound	custom_payload	763:13,764:15,765:16,766:18,767:18,768:20,769:20,770:20,771:21,772:21,773:21,774:21,775:22,776:22	outbound encoder	packet::custom_payload::CustomPayload::packet / CustomPayloadRef::packet
Play	Serverbound	edit_book	763:14,764:16,765:17,766:20,767:20,768:22,769:22,770:22,771:23,772:23,773:23,774:23,775:24,776:24	outbound encoder	packet::editing::EditBook::packet
Play	Serverbound	query_entity_nbt	763:15,764:17,765:18,766:21,767:21,768:23,769:23,770:23,771:24,772:24,773:24,774:24,775:25,776:25	outbound encoder	packet::editing::QueryEntityNbt::packet
Play	Serverbound	use_entity	763:16,764:18,765:19,766:22,767:22,768:24,769:24,770:24,771:25,772:25,773:25,774:25,775:26,776:26	outbound encoder	packet::interact::UseEntity::encode
Play	Serverbound	generate_structure	763:17,764:19,765:20,766:23,767:23,768:25,769:25,770:25,771:26,772:26,773:26,774:26,775:27,776:27	outbound encoder	packet::world_edit::GenerateStructure::packet
Play	Serverbound	keep_alive	763:18,764:20,765:21,766:24,767:24,768:26,769:26,770:26,771:27,772:27,773:27,774:27,775:28,776:28	automatic control reply	Connection::next_event
Play	Serverbound	lock_difficulty	763:19,764:21,765:22,766:25,767:25,768:27,769:27,770:27,771:28,772:28,773:28,774:28,775:29,776:29	outbound encoder	packet::client_control::LockDifficulty::packet
Play	Serverbound	position	763:20,764:22,765:23,766:26,767:26,768:28,769:28,770:28,771:29,772:29,773:29,774:29,775:30,776:30	outbound encoder	packet::movement::PlayerMovement::packet
Play	Serverbound	position_look	763:21,764:23,765:24,766:27,767:27,768:29,769:29,770:29,771:30,772:30,773:30,774:30,775:31,776:31	outbound encoder	packet::movement::PlayerMovement::packet
Play	Serverbound	look	763:22,764:24,765:25,766:28,767:28,768:30,769:30,770:30,771:31,772:31,773:31,774:31,775:32,776:32	outbound encoder	packet::movement::PlayerMovement::packet
Play	Serverbound	flying	763:23,764:25,765:26,766:29,767:29,768:31,769:31,770:31,771:32,772:32,773:32,774:32,775:33,776:33	outbound encoder	packet::movement::PlayerMovement::packet
Play	Serverbound	vehicle_move	763:24,764:26,765:27,766:30,767:30,768:32,769:32,770:32,771:33,772:33,773:33,774:33,775:34,776:34	outbound encoder	packet::movement::VehicleMovement::packet
Play	Serverbound	steer_boat	763:25,764:27,765:28,766:31,767:31,768:33,769:33,770:33,771:34,772:34,773:34,774:34,775:35,776:35	outbound encoder	packet::client_control::SteerBoat::packet
Play	Serverbound	pick_item	763:26,764:28,765:29,766:32,767:32,768:34	outbound encoder	packet::client_control::PickItem::packet
Play	Serverbound	craft_recipe_request	763:27,764:30,765:31,766:34,767:34,768:36,769:37,770:37,771:38,772:38,773:38,774:38,775:39,776:39	outbound encoder	packet::recipe::CraftRecipeRequest::packet
Play	Serverbound	abilities	763:28,764:31,765:32,766:35,767:35,768:37,769:38,770:38,771:39,772:39,773:39,774:39,775:40,776:40	outbound encoder	packet::interact::player_abilities
Play	Serverbound	block_dig	763:29,764:32,765:33,766:36,767:36,768:38,769:39,770:39,771:40,772:40,773:40,774:40,775:41,776:41	outbound encoder	packet::interact::Digging::encode
Play	Serverbound	entity_action	763:30,764:33,765:34,766:37,767:37,768:39,769:40,770:40,771:41,772:41,773:41,774:41,775:42,776:42	outbound encoder	packet::interact::EntityAction::encode
Play	Serverbound	steer_vehicle	763:31,764:34,765:35,766:38,767:38	outbound encoder	packet::interact::PlayerInput::encode
Play	Serverbound	pong	763:32,764:35,765:36,766:39,767:39,768:41,769:43,770:43,771:44,772:44,773:44,774:44,775:45,776:45	automatic control reply	Connection::next_event
Play	Serverbound	recipe_book	763:33,764:36,765:37,766:40,767:40,768:42,769:44,770:44,771:45,772:45,773:45,774:45,775:46,776:46	outbound encoder	packet::recipe::RecipeBookChangeSettings::packet
Play	Serverbound	displayed_recipe	763:34,764:37,765:38,766:41,767:41,768:43,769:45,770:45,771:46,772:46,773:46,774:46,775:47,776:47	outbound encoder	packet::recipe::DisplayedRecipe::packet
Play	Serverbound	name_item	763:35,764:38,765:39,766:42,767:42,768:44,769:46,770:46,771:47,772:47,773:47,774:47,775:48,776:48	outbound encoder	packet::editing::NameItem::packet
Play	Serverbound	resource_pack_receive	763:36,764:39,765:40,766:43,767:43,768:45,769:47,770:47,771:48,772:48,773:48,774:48,775:49,776:49	outbound encoder	packet::common::ResourcePackOffer::response
Play	Serverbound	advancement_tab	763:37,764:40,765:41,766:44,767:44,768:46,769:48,770:48,771:49,772:49,773:49,774:49,775:50,776:50	outbound encoder	packet::advancements::AdvancementTab::packet
Play	Serverbound	select_trade	763:38,764:41,765:42,766:45,767:45,768:47,769:49,770:49,771:50,772:50,773:50,774:50,775:51,776:51	outbound encoder	packet::inventory::SelectTrade::packet
Play	Serverbound	set_beacon_effect	763:39,764:42,765:43,766:46,767:46,768:48,769:50,770:50,771:51,772:51,773:51,774:51,775:52,776:52	outbound encoder	packet::editing::SetBeaconEffect::packet
Play	Serverbound	held_item_slot	763:40,764:43,765:44,766:47,767:47,768:49,769:51,770:51,771:52,772:52,773:52,774:52,775:53,776:53	outbound encoder	packet::inventory::SetSelectedSlot::packet (serverbound i16; body encode is clientbound)
Play	Serverbound	update_command_block	763:41,764:44,765:45,766:48,767:48,768:50,769:52,770:52,771:53,772:53,773:53,774:53,775:54,776:54	outbound encoder	packet::world_edit::UpdateCommandBlock::packet
Play	Serverbound	update_command_block_minecart	763:42,764:45,765:46,766:49,767:49,768:51,769:53,770:53,771:54,772:54,773:54,774:54,775:55,776:55	outbound encoder	packet::world_edit::UpdateCommandBlockMinecart::packet
Play	Serverbound	set_creative_slot	763:43,764:46,765:47,766:50,767:50,768:52,769:54,770:54,771:55,772:55,773:55,774:55,775:56,776:56	outbound encoder	packet::editing::SetCreativeSlot::packet
Play	Serverbound	update_jigsaw_block	763:44,764:47,765:48,766:51,767:51,768:53,769:55,770:55,771:56,772:56,773:56,774:56,775:58,776:58	outbound encoder	packet::world_edit::UpdateJigsawBlock::packet
Play	Serverbound	update_structure_block	763:45,764:48,765:49,766:52,767:52,768:54,769:56,770:56,771:57,772:57,773:57,774:57,775:59,776:59	outbound encoder	packet::world_edit::UpdateStructureBlock::packet
Play	Serverbound	update_sign	763:46,764:49,765:50,766:53,767:53,768:55,769:57,770:58,771:59,772:59,773:59,774:59,775:61,776:61	outbound encoder	packet::editing::UpdateSign::packet
Play	Serverbound	arm_animation	763:47,764:50,765:51,766:54,767:54,768:56,769:58,770:59,771:60,772:60,773:60,774:60,775:63,776:63	outbound encoder	packet::interact::swing_arm
Play	Serverbound	spectate	763:48,764:51,765:52,766:55,767:55,768:57,769:59,770:61,771:61,772:61,773:61,774:61,775:64,776:64	outbound encoder	packet::client_control::Spectate::packet
Play	Serverbound	block_place	763:49,764:52,765:53,766:56,767:56,768:58,769:60,770:62,771:63,772:63,773:63,774:63,775:66,776:66	outbound encoder	packet::interact::UseBlock::encode
Play	Serverbound	use_item	763:50,764:53,765:54,766:57,767:57,768:59,769:61,770:63,771:64,772:64,773:64,774:64,775:67,776:67	outbound encoder	packet::interact::UseItem::encode
Login	Serverbound	login_acknowledged	764:3,765:3,766:3,767:3,768:3,769:3,770:3,771:3,772:3,773:3,774:3,775:3,776:3	automatic control reply	Connection::next_event
Configuration	Clientbound	custom_payload	764:0,765:0,766:1,767:1,768:1,769:1,770:1,771:1,772:1,773:1,774:1,775:1,776:1	typed incoming dispatcher	DecodedPacket::decode_with_context
Configuration	Clientbound	disconnect	764:1,765:1,766:2,767:2,768:2,769:2,770:2,771:2,772:2,773:2,774:2,775:2,776:2	connection control/disconnect	Connection::next_event -> Event::Disconnected
Configuration	Clientbound	finish_configuration	764:2,765:2,766:3,767:3,768:3,769:3,770:3,771:3,772:3,773:3,774:3,775:3,776:3	connection control/disconnect	Connection::next_event -> Event::Ready
Configuration	Clientbound	keep_alive	764:3,765:3,766:4,767:4,768:4,769:4,770:4,771:4,772:4,773:4,774:4,775:4,776:4	connection control/disconnect	Connection::next_event -> Event::KeepAlive
Configuration	Clientbound	ping	764:4,765:4,766:5,767:5,768:5,769:5,770:5,771:5,772:5,773:5,774:5,775:5,776:5	connection control/disconnect	Connection::next_event -> Event::Ping
Configuration	Clientbound	registry_data	764:5,765:5,766:7,767:7,768:7,769:7,770:7,771:7,772:7,773:7,774:7,775:7,776:7	connection control/disconnect	Connection::next_event -> Event::Registry
Configuration	Clientbound	resource_pack_send	764:6	typed incoming dispatcher	DecodedPacket::decode_with_context
Configuration	Clientbound	feature_flags	764:7,765:8,766:12,767:12,768:12,769:12,770:12,771:12,772:12,773:12,774:12,775:12,776:12	typed incoming dispatcher	DecodedPacket::decode_with_context
Configuration	Clientbound	tags	764:8,765:9,766:13,767:13,768:13,769:13,770:13,771:13,772:13,773:13,774:13,775:13,776:13	typed incoming dispatcher	DecodedPacket::decode_with_context
Configuration	Serverbound	settings	764:0,765:0,766:0,767:0,768:0,769:0,770:0,771:0,772:0,773:0,774:0,775:0,776:0	outbound encoder	packet::ClientSettings::encode
Configuration	Serverbound	custom_payload	764:1,765:1,766:2,767:2,768:2,769:2,770:2,771:2,772:2,773:2,774:2,775:2,776:2	outbound encoder	packet::custom_payload::CustomPayload::packet / CustomPayloadRef::packet
Configuration	Serverbound	finish_configuration	764:2,765:2,766:3,767:3,768:3,769:3,770:3,771:3,772:3,773:3,774:3,775:3,776:3	automatic control reply	Connection::next_event
Configuration	Serverbound	keep_alive	764:3,765:3,766:4,767:4,768:4,769:4,770:4,771:4,772:4,773:4,774:4,775:4,776:4	automatic control reply	Connection::next_event
Configuration	Serverbound	pong	764:4,765:4,766:5,767:5,768:5,769:5,770:5,771:5,772:5,773:5,774:5,775:5,776:5	automatic control reply	Connection::next_event
Configuration	Serverbound	resource_pack_receive	764:5,765:5,766:6,767:6,768:6,769:6,770:6,771:6,772:6,773:6,774:6,775:6,776:6	outbound encoder	packet::common::ResourcePackOffer::response
Play	Clientbound	chunk_batch_finished	764:12,765:12,766:12,767:12,768:12,769:12,770:11,771:11,772:11,773:11,774:11,775:11,776:11	typed incoming dispatcher	DecodedPacket::decode_with_context
Play	Clientbound	chunk_batch_start	764:13,765:13,766:13,767:13,768:13,769:13,770:12,771:12,772:12,773:12,774:12,775:12,776:12	typed incoming dispatcher	DecodedPacket::decode_with_context
Play	Clientbound	ping_response	764:52,765:52,766:54,767:54,768:56,769:56,770:55,771:55,772:55,773:60,774:60,775:62,776:62	typed incoming dispatcher	DecodedPacket::decode_with_context
Play	Clientbound	start_configuration	764:101,765:103,766:105,767:105,768:112,769:112,770:111,771:111,772:111,773:116,774:116,775:118,776:118	connection control/disconnect	Connection::next_event -> Event::Reconfigure
Play	Serverbound	chunk_batch_received	764:7,765:7,766:8,767:8,768:9,769:9,770:9,771:10,772:10,773:10,774:10,775:11,776:11	outbound encoder	packet::common::chunk_batch_received
Play	Serverbound	configuration_acknowledged	764:11,765:11,766:12,767:12,768:14,769:14,770:14,771:15,772:15,773:15,774:15,775:16,776:16	automatic control reply	Connection::next_event
Play	Serverbound	ping_request	764:29,765:30,766:33,767:33,768:35,769:36,770:36,771:37,772:37,773:37,774:37,775:38,776:38	outbound encoder	packet::server_metadata::PingRequest::packet
Configuration	Clientbound	remove_resource_pack	765:6,766:8,767:8,768:8,769:8,770:8,771:8,772:8,773:8,774:8,775:8,776:8	typed incoming dispatcher	DecodedPacket::decode_with_context
Configuration	Clientbound	add_resource_pack	765:7,766:9,767:9,768:9,769:9,770:9,771:9,772:9,773:9,774:9,775:9,776:9	typed incoming dispatcher	DecodedPacket::decode_with_context
Play	Clientbound	reset_score	765:66,766:68,767:68,768:73,769:73,770:72,771:72,772:72,773:77,774:77,775:79,776:79	typed incoming dispatcher	DecodedPacket::decode_with_context
Play	Clientbound	remove_resource_pack	765:67,766:69,767:69,768:74,769:74,770:73,771:73,772:73,773:78,774:78,775:80,776:80	typed incoming dispatcher	DecodedPacket::decode_with_context
Play	Clientbound	add_resource_pack	765:68,766:70,767:70,768:75,769:75,770:74,771:74,772:74,773:79,774:79,775:81,776:81	typed incoming dispatcher	DecodedPacket::decode_with_context
Play	Clientbound	set_ticking_state	765:110,766:113,767:113,768:120,769:120,770:120,771:120,772:120,773:125,774:125,775:127,776:127	typed incoming dispatcher	DecodedPacket::decode_with_context
Play	Clientbound	step_tick	765:111,766:114,767:114,768:121,769:121,770:121,771:121,772:121,773:126,774:126,775:128,776:128	typed incoming dispatcher	DecodedPacket::decode_with_context
Play	Serverbound	set_slot_state	765:15,766:16,767:16,768:18,769:18,770:18,771:19,772:19,773:19,774:19,775:20,776:20	outbound encoder	packet::client_control::SetSlotState::packet
Login	Clientbound	cookie_request	766:5,767:5,768:5,769:5,770:5,771:5,772:5,773:5,774:5,775:5,776:5	connection control/disconnect	Connection::next_event -> Event::CookieRequest
Login	Serverbound	cookie_response	766:4,767:4,768:4,769:4,770:4,771:4,772:4,773:4,774:4,775:4,776:4	outbound encoder	Connection::answer_cookie
Configuration	Clientbound	cookie_request	766:0,767:0,768:0,769:0,770:0,771:0,772:0,773:0,774:0,775:0,776:0	connection control/disconnect	Connection::next_event -> Event::CookieRequest
Configuration	Clientbound	reset_chat	766:6,767:6,768:6,769:6,770:6,771:6,772:6,773:6,774:6,775:6,776:6	typed incoming dispatcher	DecodedPacket::decode_with_context
Configuration	Clientbound	store_cookie	766:10,767:10,768:10,769:10,770:10,771:10,772:10,773:10,774:10,775:10,776:10	typed incoming dispatcher	DecodedPacket::decode_with_context
Configuration	Clientbound	transfer	766:11,767:11,768:11,769:11,770:11,771:11,772:11,773:11,774:11,775:11,776:11	typed incoming dispatcher	DecodedPacket::decode_with_context
Configuration	Clientbound	select_known_packs	766:14,767:14,768:14,769:14,770:14,771:14,772:14,773:14,774:14,775:14,776:14	connection control/disconnect	Connection::next_event -> Event::KnownPacks
Configuration	Serverbound	cookie_response	766:1,767:1,768:1,769:1,770:1,771:1,772:1,773:1,774:1,775:1,776:1	outbound encoder	Connection::answer_cookie
Configuration	Serverbound	select_known_packs	766:7,767:7,768:7,769:7,770:7,771:7,772:7,773:7,774:7,775:7,776:7	outbound encoder	Connection::select_known_packs
Play	Clientbound	cookie_request	766:22,767:22,768:22,769:22,770:21,771:21,772:21,773:21,774:21,775:21,776:21	connection control/disconnect	Connection::next_event -> Event::CookieRequest
Play	Clientbound	debug_sample	766:27,767:27,768:27,769:27,770:26,771:26,772:26,773:30,774:30,775:30,776:30	typed incoming dispatcher	DecodedPacket::decode_with_context
Play	Clientbound	store_cookie	766:107,767:107,768:114,769:114,770:113,771:113,772:113,773:118,774:118,775:120,776:120	typed incoming dispatcher	DecodedPacket::decode_with_context
Play	Clientbound	transfer	766:115,767:115,768:122,769:122,770:122,771:122,772:122,773:127,774:127,775:129,776:129	typed incoming dispatcher	DecodedPacket::decode_with_context
Play	Clientbound	set_projectile_power	766:121,767:121,768:128,769:128,770:128,771:128,772:128,773:133,774:133,775:135,776:135	typed incoming dispatcher	DecodedPacket::decode_with_context
Play	Serverbound	chat_command_signed	766:5,767:5,768:6,769:6,770:6,771:7,772:7,773:7,774:7,775:8,776:8	outbound encoder	packet::chat::signed::SignedChatCommand::encode
Play	Serverbound	cookie_response	766:17,767:17,768:19,769:19,770:19,771:20,772:20,773:20,774:20,775:21,776:21	outbound encoder	Connection::answer_cookie
Play	Serverbound	debug_sample_subscription	766:19,767:19,768:21,769:21,770:21,771:22,772:22	outbound encoder	packet::debug::DebugSampleSubscription::packet
Configuration	Clientbound	custom_report_details	767:15,768:15,769:15,770:15,771:15,772:15,773:15,774:15,775:15,776:15	typed incoming dispatcher	DecodedPacket::decode_with_context
Configuration	Clientbound	server_links	767:16,768:16,769:16,770:16,771:16,772:16,773:16,774:16,775:16,776:16	typed incoming dispatcher	DecodedPacket::decode_with_context
Play	Clientbound	custom_report_details	767:122,768:129,769:129,770:129,771:129,772:129,773:134,774:134,775:136,776:136	typed incoming dispatcher	DecodedPacket::decode_with_context
Play	Clientbound	server_links	767:123,768:130,769:130,770:130,771:130,772:130,773:135,774:135,775:137,776:137	typed incoming dispatcher	DecodedPacket::decode_with_context
Play	Clientbound	sync_entity_position	768:32,769:32,770:31,771:31,772:31,773:35,774:35,775:35,776:35	typed incoming dispatcher	DecodedPacket::decode_with_context
Play	Clientbound	move_minecart	768:49,769:49,770:48,771:48,772:48,773:53,774:53,775:55,776:55	typed incoming dispatcher	DecodedPacket::decode_with_context
Play	Clientbound	player_rotation	768:67,769:67,770:66,771:66,772:66,773:71,774:71,775:73,776:73	typed incoming dispatcher	DecodedPacket::decode_with_context
Play	Clientbound	recipe_book_add	768:68,769:68,770:67,771:67,772:67,773:72,774:72,775:74,776:74	typed incoming dispatcher	DecodedPacket::decode_with_context
Play	Clientbound	recipe_book_remove	768:69,769:69,770:68,771:68,772:68,773:73,774:73,775:75,776:75	typed incoming dispatcher	DecodedPacket::decode_with_context
Play	Clientbound	recipe_book_settings	768:70,769:70,770:69,771:69,772:69,773:74,774:74,775:76,776:76	typed incoming dispatcher	DecodedPacket::decode_with_context
Play	Clientbound	set_cursor_item	768:90,769:90,770:89,771:89,772:89,773:94,774:94,775:96,776:96	typed incoming dispatcher	DecodedPacket::decode_with_context
Play	Clientbound	set_player_inventory	768:102,769:102,770:101,771:101,772:101,773:106,774:106,775:108,776:108	typed incoming dispatcher	DecodedPacket::decode_with_context
Play	Serverbound	select_bundle_item	768:2,769:2,770:2,771:2,772:2,773:2,774:2,775:3,776:3	outbound encoder	packet::client_control::SelectBundleItem::packet
Play	Serverbound	tick_end	768:11,769:11,770:11,771:12,772:12,773:12,774:12,775:13,776:13	outbound encoder	packet::interact::tick_end
Play	Serverbound	player_input	768:40,769:41,770:41,771:42,772:42,773:42,774:42,775:43,776:43	outbound encoder	packet::interact::PlayerInput::encode
Play	Serverbound	pick_item_from_block	769:34,770:34,771:35,772:35,773:35,774:35,775:36,776:36	outbound encoder	packet::client_control::PickItemFromBlock::packet
Play	Serverbound	pick_item_from_entity	769:35,770:35,771:36,772:36,773:36,774:36,775:37,776:37	outbound encoder	packet::client_control::PickItemFromEntity::packet
Play	Serverbound	player_loaded	769:42,770:42,771:43,772:43,773:43,774:43,775:44,776:44	outbound encoder	packet::world_state::PlayerLoaded::packet
Play	Clientbound	test_instance_block_status	770:119,771:119,772:119,773:124,774:124,775:126,776:126	typed incoming dispatcher	DecodedPacket::decode_with_context
Play	Serverbound	set_test_block	770:57,771:58,772:58,773:58,774:58,775:60,776:60	outbound encoder	packet::game_test::SetTestBlock::packet
Play	Serverbound	test_instance_block_action	770:60,771:62,772:62,773:62,774:62,775:65,776:65	outbound encoder	packet::game_test::TestInstanceBlockAction::packet
Configuration	Clientbound	clear_dialog	771:17,772:17,773:17,774:17,775:17,776:17	typed incoming dispatcher	DecodedPacket::decode_with_context
Configuration	Clientbound	show_dialog	771:18,772:18,773:18,774:18,775:18,776:18	typed incoming dispatcher	DecodedPacket::decode_with_context
Configuration	Serverbound	custom_click_action	771:8,772:8,773:8,774:8,775:8,776:8	outbound encoder	packet::dialog::CustomClickAction::packet
Play	Clientbound	tracked_waypoint	771:131,772:131,773:136,774:136,775:138,776:138	typed incoming dispatcher	DecodedPacket::decode_with_context
Play	Clientbound	clear_dialog	771:132,772:132,773:137,774:137,775:139,776:139	typed incoming dispatcher	DecodedPacket::decode_with_context
Play	Clientbound	show_dialog	771:133,772:133,773:138,774:138,775:140,776:140	typed incoming dispatcher	DecodedPacket::decode_with_context
Play	Serverbound	change_gamemode	771:4,772:4,773:4,774:4,775:5,776:5	outbound encoder	packet::client_control::ChangeGameMode::packet
Play	Serverbound	custom_click_action	771:65,772:65,773:65,774:65,775:68,776:68	outbound encoder	packet::dialog::CustomClickAction::packet
Configuration	Clientbound	code_of_conduct	773:19,774:19,775:19,776:19	typed incoming dispatcher	DecodedPacket::decode_with_context
Configuration	Serverbound	accept_code_of_conduct	773:9,774:9,775:9,776:9	outbound encoder	packet::common::accept_code_of_conduct
Play	Clientbound	debug_block_value	773:26,774:26,775:26,776:26	typed incoming dispatcher	DecodedPacket::decode_with_context
Play	Clientbound	debug_chunk_value	773:27,774:27,775:27,776:27	typed incoming dispatcher	DecodedPacket::decode_with_context
Play	Clientbound	debug_entity_value	773:28,774:28,775:28,776:28	typed incoming dispatcher	DecodedPacket::decode_with_context
Play	Clientbound	debug_event	773:29,774:29,775:29,776:29	typed incoming dispatcher	DecodedPacket::decode_with_context
Play	Clientbound	game_test_highlight_pos	773:39,774:39,775:40,776:40	typed incoming dispatcher	DecodedPacket::decode_with_context
Play	Serverbound	debug_subscription_request	773:22,774:22,775:23,776:23	outbound encoder	packet::debug::DebugSubscriptionRequest::packet
Play	Clientbound	game_rule_values	775:39,776:39	typed incoming dispatcher	DecodedPacket::decode_with_context
Play	Clientbound	low_disk_space_warning	775:50,776:50	typed incoming dispatcher	DecodedPacket::decode_with_context
Play	Serverbound	attack	775:1,776:1	outbound encoder	packet::interact::UseEntity::encode
Play	Serverbound	set_game_rule	775:57,776:57	outbound encoder	packet::game_rules::SetGameRules::packet
Play	Serverbound	spectate_entity	775:62	outbound encoder	packet::client_control::SpectateEntity::packet
Play	Serverbound	spectator_action	776:62	outbound encoder	packet::client_control::SpectatorAction::packet
